{"cameraMode":{"drawMode":0,"name":"Shaded","section":"Shading Mode"},"sceneLighting":true,"audioPlay":false,"sceneViewState":{"m_AlwaysRefresh":false,"showFog":true,"showSkybox":true,"showFlares":true,"showImageEffects":true,"showParticleSystems":true,"showVisualEffectGraphs":true,"m_FxEnabled":true},"in2DMode":false,"pivot":{"x":-3.3063347339630129,"y":1.0704865455627442,"z":8.224593162536621},"rotation":{"x":0.23711585998535157,"y":-0.0043715559877455238,"z":0.0010672839125618339,"w":0.9714741110801697},"size":8.592373847961426,"orthographic":false}